spindel,https://www.amazon.com/Spindle-Cooled-Collet-wrenches-Machine/dp/B0BDRPFRLD/ref=pd_lpo_d_sccl_1/135-9401565-6386627?pd_rd_w=pDcFB&content-id=amzn1.sym.4c8c52db-06f8-4e42-8e56-912796f2ea6c&pf_rd_p=4c8c52db-06f8-4e42-8e56-912796f2ea6c&pf_rd_r=B7VS29A4Q55RVN2J5GQ7&pd_rd_wg=I2hax&pd_rd_r=9e407b4a-04fe-4e69-8773-64afcc16de22&pd_rd_i=B0BDRPFRLD&th=1,$149
VFD,https://www.amazon.com/Single-Variable-Frequency-Control-HY/dp/B0CR326WH6/ref=pd_bxgy_thbs_d_sccl_1/135-9401565-6386627?pd_rd_w=61vfc&content-id=amzn1.sym.9bef5913-5870-4504-8883-3ba89d7f8e39&pf_rd_p=9bef5913-5870-4504-8883-3ba89d7f8e39&pf_rd_r=0GD1RTPFCQZEKCRE72WT&pd_rd_wg=dHKUn&pd_rd_r=0ee6e334-1775-4451-b993-31b2371bfb70&pd_rd_i=B0CR326WH6&th=1,$109
450mm Linear rails x2,https://www.aliexpress.us/item/3256812537091588.html?spm=a2g0o.productlist.main.1.4d4f8xVD8xVDP3&algo_pvid=3ce486e4-db5a-417b-bc03-e61e343ecdd8&algo_exp_id=3ce486e4-db5a-417b-bc03-e61e343ecdd8-10&pdp_ext_f=%7B%22order%22%3A%2219%22%2C%22eval%22%3A%221%22%2C%22fromPage%22%3A%22search%22%7D&pdp_npi=6%40dis%21USD%2119.94%214.56%21%21%21133.83%2130.64%21%402101dedf17859643532698178e23de%2112000059132519288%21sea%21US%216262066765%21ABX%211%210%21n_tag%3A-29910%3Bd%3Af5907af3%3Bm03_new_user%3A-29895%3BpisId%3A5000000210792318&curPageLogUid=1dZrrB2lYv0A&utparam-url=scene%3Asearch%7Cquery_from%3A%7Cx_object_id%3A1005012723406340%7C_p_origin_prod%3A,$60
400mm linear rail x2,https://www.aliexpress.us/item/3256812537091588.html?spm=a2g0o.productlist.main.1.4d4f8xVD8xVDP3&algo_pvid=3ce486e4-db5a-417b-bc03-e61e343ecdd8&algo_exp_id=3ce486e4-db5a-417b-bc03-e61e343ecdd8-10&pdp_ext_f=%7B%22order%22%3A%2219%22%2C%22eval%22%3A%221%22%2C%22fromPage%22%3A%22search%22%7D&pdp_npi=6%40dis%21USD%2119.94%214.56%21%21%21133.83%2130.64%21%402101dedf17859643532698178e23de%2112000059132519288%21sea%21US%216262066765%21ABX%211%210%21n_tag%3A-29910%3Bd%3Af5907af3%3Bm03_new_user%3A-29895%3BpisId%3A5000000210792318&curPageLogUid=1dZrrB2lYv0A&utparam-url=scene%3Asearch%7Cquery_from%3A%7Cx_object_id%3A1005012723406340%7C_p_origin_prod%3A,$46
150mm linear rail x2,https://www.aliexpress.us/item/3256803510505969.html?spm=a2g0o.productlist.main.1.6fe26210EL9Zlh&algo_pvid=6c3cc20f-d4d3-4d7c-aa2c-a6a098f1a539&algo_exp_id=6c3cc20f-d4d3-4d7c-aa2c-a6a098f1a539-0&pdp_ext_f=%7B%22order%22%3A%222221%22%2C%22eval%22%3A%221%22%2C%22fromPage%22%3A%22search%22%7D&pdp_npi=6%40dis%21USD%2112.69%210.99%21%21%2112.69%210.99%21%402101e5ab17860836816113734e0d68%2112000026841821318%21sea%21US%216262066765%21ABX%211%210%21n_tag%3A-29910%3Bd%3Af5907af3%3Bm03_new_user%3A-29895%3BpisId%3A5000000210792318&curPageLogUid=tJfSewGbALMS&utparam-url=scene%3Asearch%7Cquery_from%3A%7Cx_object_id%3A1005003696820721%7C_p_origin_prod%3A,$40.00
450mm Ball screw,https://www.aliexpress.us/item/3256802861426275.html?src=google&src=google&albch=shopping&acnt=179-224-6891&isdl=y&slnk=&plac=&mtctp=&albbt=Google_7_shopping&aff_platform=google&aff_short_key=_oFgTQeV&gclsrc=aw.ds&albagn=888888&ds_e_adid=&ds_e_matchtype=&ds_e_device=c&ds_e_network=x&ds_e_product_group_id=&ds_e_product_id=en3256802861426275&ds_e_product_merchant_id=428516124&ds_e_product_country=US&ds_e_product_language=en&ds_e_product_channel=online&ds_e_product_store_id=&ds_url_v=2&albcp=23114515373&albag=&isSmbAutoCall=false&needSmbHouyi=false&gad_source=1&gad_campaignid=23118775333&gbraid=0AAAABBR8xIe-GHiurjw1IafPPE49bKLGG&gclid=CjwKCAjwhNbTBhB4EiwAsFSg-nYQmbDe5G9iss-YlDbq87i8s_JGjQONKlpU7qd78EUb1M9RNdaoyRoCeckQAvD_BwE&gatewayAdapt=glo2usa,31.95
400 mm Ball screw x2,https://www.aliexpress.us/item/3256810590586847.html?spm=a2g0o.productlist.main.16.3d1834d6wZrwI9&aem_p4p_detail=202608072048543119386746919500000056786&algo_pvid=28978220-ece5-4ef8-877f-2a29ece9edb7&algo_exp_id=28978220-ece5-4ef8-877f-2a29ece9edb7-15&pdp_ext_f=%7B%22order%22%3A%221%22%2C%22eval%22%3A%221%22%2C%22fromPage%22%3A%22search%22%7D&pdp_npi=6%40dis%21USD%2116.68%2116.25%21%21%21111.93%21109.02%21%402101ca9517861609341318864e1ed8%2112000053475200519%21sea%21US%216262066765%21ABX%211%210%21n_tag%3A-29910%3Bd%3Af5907af3%3Bm03_new_user%3A-29895%3BpisId%3A5000000210913316&curPageLogUid=qSll1OPcdLeB&utparam-url=scene%3Asearch%7Cquery_from%3A%7Cx_object_id%3A1005010776901599%7C_p_origin_prod%3A&search_p4p_id=202608072048543119386746919500000056786_4,$59.78
linear rail carridge x4,https://www.aliexpress.us/item/3256808460953497.html?spm=a2g0o.productlist.main.1.1aaf8Ou98Ou94z&algo_pvid=c7882c00-546f-42d5-ac71-bc56b120dbc3&algo_exp_id=c7882c00-546f-42d5-ac71-bc56b120dbc3-0&pdp_ext_f=%7B%22order%22%3A%221207%22%2C%22eval%22%3A%221%22%2C%22fromPage%22%3A%22search%22%7D&pdp_npi=6%40dis%21USD%217.72%214.17%21%21%217.72%214.17%21%40210328c017871960079603840e0f3c%2112000046082978695%21sea%21US%218053061758%21ABX%211%210%21n_tag%3A-29910%3Bd%3Af5907af3%3Bm03_new_user%3A-29895&curPageLogUid=vDhh9YrLqqIr&utparam-url=scene%3Asearch%7Cquery_from%3A%7Cx_object_id%3A1005008647268249%7C_p_origin_prod%3A,$40
,,
2x550mm aluminum extrusion,https://www.aliexpress.us/item/3256802861426275.html?src=google&src=google&albch=shopping&acnt=179-224-6891&isdl=y&slnk=&plac=&mtctp=&albbt=Google_7_shopping&aff_platform=google&aff_short_key=_oFgTQeV&gclsrc=aw.ds&albagn=888888&ds_e_adid=&ds_e_matchtype=&ds_e_device=c&ds_e_network=x&ds_e_product_group_id=&ds_e_product_id=en3256802861426275&ds_e_product_merchant_id=428516124&ds_e_product_country=US&ds_e_product_language=en&ds_e_product_channel=online&ds_e_product_store_id=&ds_url_v=2&albcp=23114515373&albag=&isSmbAutoCall=false&needSmbHouyi=false&gad_source=1&gad_campaignid=23118775333&gbraid=0AAAABBR8xIe-GHiurjw1IafPPE49bKLGG&gclid=CjwKCAjwhNbTBhB4EiwAsFSg-nYQmbDe5G9iss-YlDbq87i8s_JGjQONKlpU7qd78EUb1M9RNdaoyRoCeckQAvD_BwE&gatewayAdapt=glo2usa,$23.72
2x400mm aluminum extrusion,https://www.zyltech.com/2040-v-groove-extrusion-pre-cut-lengths-300mm-2000mm/,$10.74
e stop,https://makerstore.cc/product/emergency-stop-button-nc-switch/?srsltid=AfmBOophnIDN0f0apK2dH-lxFnClACH7s4xeBs2hWwkuSvABSKWx5xME,11.93
,,
M3 screws 8mm to hold linear rails down,https://www.amazon.com/Socket-Screws-Bolts-Thread-100pcs/dp/B07CMQ1SQH/ref=sr_1_3?crid=1Q3LX7KAFC8W3&dib=eyJ2IjoiMSJ9.qy6Sk5EKMUheJnooPXMvAbYtek6DKmEnK2oAM08FCG2EctTb8IU4Pb3tuWKvY59CTe4GLV72IisthajUSjOPmRO5X0icO8VwaBCvS9NAxi7ho8oEY7CK19kubD4UKJbajrwQ_RDNQcAJKSAHTpDEgZOlJRz9OtBelrLaX-IGENzsU0FVZtpB8AZwM2U9MczxDcFnD3yNGjOPHYeof3lzAOhxfOq7om_PPIqrIHPknvE.-0WAZOB6KE1gHRWLM3xftggGsGwAR6ZNwtuDHcaAeQI&dib_tag=se&keywords=m3+8mm+socket+head+screws&qid=1787194672&sprefix=m3+8m+socket+head+screws%2Caps%2C133&sr=8-3,6.86
M3 screws 25mm to connect to linear rail block,https://www.amazon.com/BNUOK-Socket-Screws-Threads-Spanner/dp/B0DJQGF665/ref=sr_1_2_sspa?crid=15CTJECEBHWFN&dib=eyJ2IjoiMSJ9.Fd9sLa6iRv3pr6Zfi4nQ0kQKuCGBAIfMv5iOYDDXEw0NWAkekjyoiA8YXLO_WvVAqySlsqrlKUzRviQMw-X7dyk0yJTkYGiQWQCm7aFvgita3k_4aP2pYmfB_b4km9RAQQ-SvgqJLolwo2d4aWjNZr2t3aUvm5ck8zDTKgvjTXqZfuzWDT9vX7cIdg_AcomzY20Dx34b1MYtxN5KzCzOsqdGHowVQk6ap9nZ_YpjdDE.W2Wh3ESasgbbCe_QDWnOsn10Ctfu7Jw3bNtg5ahT1TE&dib_tag=se&keywords=m3%2B25mm%2Bsocket%2Bhead%2Bscrews&qid=1787194787&sprefix=m3%2B2mm%2Bsocket%2Bhead%2Bscrews%2Caps%2C124&sr=8-2-spons&sp_csd=d2lkZ2V0TmFtZT1zcF9hdGY&th=1, have them
limit switch,https://www.amazon.com/HiLetgo-KW12-3-Roller-Switch-Normally/dp/B07X142VGC/ref=sr_1_3?adgrpid=193180834264&dib=eyJ2IjoiMSJ9.6U-WNCBR7-M0b3Ee_c49HjYsa0MDXqamzlouXGhdoGOqYP7uV0HxEPsCQVF0Hmtusfe9RTBjalMUohTjd9S5XwvN3jFWHajI-4oqIAl3n9oA6dhbR-aJXPmx9dQq-I5lHQvx7GpejguIuhgSGoBlXc4NjEyxYszKvUzZfNXpP6R0CV-wmkuQ7sKccEl_iyDC_-7fXsw3i36mAFI3J3qNPJX3nPBP44HEgu7ZMLtFpGk.wGOmubsCkn8kdg_wuXXLnjpZbyv8-2U-1IXVmQuV5Ns&dib_tag=se&hvadid=792823211917&hvdev=c&hvexpln=0&hvlocphy=9007828&hvnetw=g&hvocijid=6390065242533933124--&hvqmt=e&hvrand=6390065242533933124&hvtargid=kwd-21285901&hydadcr=27089_14958118_2129203&keywords=limit+switch&mcid=53d23ac1b228342d87d43a526adaedad&qid=1787194860&sr=8-3, have them
t sliding nuts,https://www.amazon.com/100pcs-Sliding-Hammer-Aluminum-Profiles/dp/B07V1H3W6M/ref=sr_1_8?crid=NVZNKUX68TZO&dib=eyJ2IjoiMSJ9.hR70n2R-uRjabsQzroG_wYDxVyVREPG9bm4Sfg3amFD89pOI439hUbtZav8YBbujY-Lq5TyjJFo7i9_p8JEhjPlnOiQ_Q8M93wz7wctVw1f-RN4FosAzh1jABl8Sdur__agbYdn91LUlxgs36JQOdiBE9ugXmLYgr1FiVOh2PZqFwIsplrGbnlNjVNQSSEa6hMXo7NeVzC5bL5MWL6vteYTUedCEe0BvvggdFWQwpnI.ZmqylEHrjUEEaUhxFM-AsoLLaFpycyfMt7wWm1Z9D6k&dib_tag=se&keywords=m3%2Bthin%2Bsquare%2Bnuts&qid=1787195439&refinements=p_36%3A-6600%2Cp_n_feature_three_browse-bin%3A17420943011&rnid=17420897011&sprefix=m3%2Bthin%2Bsquare%2Bnuts%2Caps%2C195&sr=8-8&th=1,11
assortment to connect 3d printet parts to aluminum extrusion,https://www.amazon.com/gp/aw/d/B0FGV5FCBN/?_encoding=UTF8&pd_rd_plhdr=t&aaxitk=4721ade0e5e1a9f001947a6ec1ab4612&hsa_cr_id=0&qid=1787195013&sr=1-1-9e67e56a-6f64-441f-a281-df67fc737124&i=aps&aref=BiFu2g3Rb8&ref_=sbx_s_sparkle_sbtcd_asin_0_title&pd_rd_w=YPdon&content-id=amzn1.sym.8de9b3d5-f5c5-40e9-9b39-d65f08d6ea68%3Aamzn1.sym.8de9b3d5-f5c5-40e9-9b39-d65f08d6ea68&pf_rd_p=8de9b3d5-f5c5-40e9-9b39-d65f08d6ea68&pf_rd_r=2SZW3EQDVPWJQ1XWPTEJ&pd_rd_wg=MhqCK&pd_rd_r=8c986b9d-b63d-4a3f-b595-1fc71788e678&th=1, have them
,total,600